Stuart Paradin,Colombia,765678,Female,North Carolina,WrKweqtQNVsXzrv
Raphael Mowsdill,Russian Federation,765679,Male,New Jersey,FUtuTaDLN
Patton Blackeby,Canada,765680,Female,Pennsylvania,uoDAmg
Roselin Adnams,Indonesia,765681,Male,Colorado,qOLXQBZFMFiOB
Donielle Caistor,Ukraine,765682,Male,Florida,vWyBaabYjKPiU
Alene Macauley,South Africa,765683,Male,District of Columbia,vtEqTPAlbTIMlgR
Chrisy O'Mohun,United Kingdom,765684,Male,Kansas,WNnJYAzMdduPTfoHtF
Elisha Floris,Netherlands,765685,Male,Louisiana,AKOaKSIPQLSe
Anselma Antoszewski,Italy,765686,Female,Kentucky,rCEizlCfDHFwO
Gerti Kennham,Poland,765687,Female,South Dakota,kVGpYSHvPJBt
Elicia Giorio,Poland,765688,Male,Michigan,NtTLjxjDlXV
Maiga Aseef,Turkey,765689,Female,North Carolina,NiRKS
Marin Twentyman,Brazil,765690,Female,Massachusetts,WynamsqzIi
Gav Lillecrap,South Africa,765691,Female,New York,fjHfBjb
Thatch Sinclair,Austria,765692,Male,Florida,HVTOlIOdfhw
Elise McHenry,Russian Federation,765693,Male,North Carolina,hjIIOvRQBujG
Andrei Sultan,Costa Rica,765694,Male,Maryland,rUNHYwAgfIQLwi
Sholom Butterly,Philippines,765695,Female,Louisiana,vDtYe
Tobey Trosdall,Italy,765696,Female,Indiana,AnvLagUbdJNbzjlcf
Fulton Prophet,Nigeria,765697,Female,Ohio,AAiqKti
Derry Degoix,Brazil,765698,Female,Ohio,tMdNLIabYm
Dorella Fowden,New Zealand,765699,Female,Indiana,yWdCCTEvAJeC
Raff Chason,Poland,765700,Female,Michigan,uNfMRkEQ
Gwenny Kabos,Costa Rica,765701,Female,Texas,LkeWZiQnUrqrRnFVzbo
Deeyn Trahmel,Netherlands,765702,Male,Arizona,UPFmFujYmhnmprh
Audry Bransgrove,Sweden,765703,Female,Maryland,pScwuUaGhxGcdRLg
Norris Skillitt,Norway,765704,Male,California,BAcyyaP
Melvyn Primett,Indonesia,765705,Female,Texas,xaIIf
Raphael Mowsdill,Netherlands,765706,Female,Texas,STMbpIvgsq
Morry Leads,Indonesia,765707,Female,District of Columbia,UhUOTQhvd
Theodore Erley,Spain,765708,Male,Montana,ZGsGSXhItohTSTnkj
Lodovico Elson,Sweden,765709,Female,Texas,PzfQF
Elisha Floris,Poland,765710,Male,Idaho,ZaEgND
Stuart Paradin,Nigeria,765711,Female,California,GRZnFunutIXNMCpSijI
Donielle Caistor,Peru,765712,Female,Texas,WIZGmqVDDGoZj
Alf Swaile,Ukraine,765713,Male,Illinois,fyUEiMsDuVTeAwCL
Brigitte Wastling,China,765714,Female,District of Columbia,HZzKyAfJQhoiT
Alan Fretter,Poland,765715,Female,Missouri,uaxPksW
Yorgos Fillimore,Italy,765716,Female,Nebraska,tyHBPPZYJrZImrew
Giordano Hutcheons,United States,765717,Female,Florida,SIEkupCHktFXG
Bellanca Brizell,Netherlands,765718,Male,Texas,iVMTnyiWTFMixSJOXc
Gwendolin Gwinnell,Ireland,765719,Male,South Carolina,KQqshlQccunmkEbu
Dannel Humbey,New Zealand,765720,Male,Ohio,WEYTjUoCZK
Alasdair Bentson,Singapore,765721,Female,Texas,RanlzQZ
Filbert Jolliman,Indonesia,765722,Male,Texas,ayrTJEqpougB
Yoshi Ilyunin,Brazil,765723,Male,Florida,CVlYAwnADNlFiSTfnUO
Tod Piele,South Africa,765724,Female,Florida,ZyXIPMnOOPYtchjZqy
Alf Swaile,Peru,765725,Male,Florida,TxvtITF
Joya Blanckley,Nigeria,765726,Male,Tennessee,KFIrtftaNre
Theresina Kasting,Brazil,765727,Female,Pennsylvania,ZsvBodfbEv
Maye Hartell,South Korea,765728,Male,Arizona,WxcYCZGiwNnstUtVdh
Sherwynd Downe,Peru,765729,Male,California,uyFgWZT
Yorgos Fillimore,Vietnam,765730,Female,Washington,rQwMRdhZspOGTCl
Anselma Antoszewski,China,765731,Female,Illinois,YVymIeXgErUh
Panchito Raymen,South Africa,765732,Female,Virginia,uHCyizELFY
Corinna Shire,Mexico,765733,Male,Texas,ICOrNWLBKjK
Theodore Erley,India,765734,Female,California,SclHtpJXYJqO
Terrye Nand,India,765735,Female,Indiana,RvpEORRWgxUDoZ
Chrissy Tuite,India,765736,Male,New York,rAUXE
Greg Ponder,India,765737,Female,New York,lhUalZAxxfPNYMplmt
Masha Vigurs,Russian Federation,765738,Female,Florida,faFxnwwBdLdIpKqSb
Humphrey Birrel,Turkey,765739,Male,Massachusetts,gNuIdbiftVKDTAi
Yoshi Ilyunin,Belgium,765740,Male,Ohio,HWiMLAurVS
Pearle Larderot,Colombia,765741,Female,Ohio,puEJD
Paulie Noton,Australia,765742,Female,Texas,TNehCRHFxmvfKH
Roselin Adnams,South Korea,765743,Female,Arizona,HEiEYRECZKctOOy
Rollie Fealey,Brazil,765744,Female,South Carolina,DOkioLcHqaUqKjnlg
Siward Ribeiro,Singapore,765745,Female,Nevada,NwBNbuHyFSIl
Joya Habercham,Spain,765746,Female,New York,CRxKoWMQefDd
Gillian Shaw,Turkey,765747,Male,Washington,agBuIeRiWYQtBMmQ
Raphael Mowsdill,Costa Rica,765748,Male,Texas,tRGddQsNmjlDxhshAS
Derry Degoix,Colombia,765749,Male,New York,dmjHtOg
Poul Brunelli,Singapore,765750,Male,Florida,DcSHnXgttWhkr
Stinky Rosel,Indonesia,765751,Male,Alabama,xQUKPesdzMPWeIJ
Meg Gloves,Canada,765752,Male,Florida,ygHPgivQt
Rivi Loughrey,Singapore,765753,Male,South Carolina,muonovz
Felicia Clitherow,United Kingdom,765754,Male,Alaska,wioQnWQLUuSzA
Saloma MacNair,Indonesia,765755,Male,Virginia,lcIQmZGmP
Piotr Stilgoe,Turkey,765756,Male,District of Columbia,uRMRhrnkKTEJUKlGifC
Fulton Prophet,Turkey,765757,Female,Florida,KcevQlrZlwEmWnZdv
Steffane Dubarry,Peru,765758,Male,Louisiana,XcEAZcjPxa
Pier Pim,Ukraine,765759,Male,Illinois,cEIhgLHXuHOX
Norris Skillitt,Spain,765760,Male,California,NuIZfSFs
Brynne Gatesman,South Korea,765761,Male,District of Columbia,AWGGkElYaK
Muhammad Grief,Nigeria,765762,Male,Tennessee,MMkfSXDiADRcHAj
Donielle Caistor,Chile,765763,Male,Iowa,NcsWuPnG
Marleah Cleyburn,Mexico,765764,Female,Ohio,UgvbZGeVPcBKkHH
Elicia Giorio,Ukraine,765765,Female,Missouri,SFUFznjXsngnBFt
Bellanca Brizell,Colombia,765766,Female,New Jersey,DECDmKSzStAxCFLg
Curtis Fisby,Vietnam,765767,Female,Indiana,MVOhS
Claribel Fearenside,Spain,765768,Female,Massachusetts,cfKDNjtZb
Steffane Dubarry,Canada,765769,Female,California,PFUbhTd
Gilbertine Birney,Turkey,765770,Female,Nebraska,RVdviaPfL
Luci Rance,Turkey,765771,Female,Nebraska,PkOpOrfirrlvSuI
Jules Adlard,Brazil,765772,Male,Indiana,YQCMJ
Harmon Pizer,Australia,765773,Female,Texas,MdVhmveCf
Kipp Micklem,Ireland,765774,Female,New York,oraHUW
Dinnie Prover,South Korea,765775,Male,Texas,TMROSceYsRiIHGYesXX
Terrye Nand,Germany,765776,Female,North Carolina,sYxOqYQv
Muhammad Grief,India,765777,Female,Rhode Island,cBrOp
Earl Bodicam,Germany,765778,Female,Virginia,yRLWkatTLA
Brigitte Wastling,Italy,765779,Male,Florida,rySBmhNgdJXNTydZV
Jules Adlard,India,765780,Female,Colorado,vEhEIMrnjlENowrsHdl
Luci Rance,Singapore,765781,Female,Texas,pigNu
Loretta Philbrook,South Korea,765782,Female,Texas,SbthCqGJhSHECMLMLuZ
Yance Nutton,Netherlands,765783,Female,California,nvQIBNSl
Clarke Wallach,Belgium,765784,Female,Ohio,TOkhKXf
Koo Feirn,Mexico,765785,Male,Tennessee,wSaODVXPqrI
Alf Swaile,China,765786,Male,Florida,viRQWY
Ad Golagley,Singapore,765787,Male,Iowa,YFHnPypiyfurpXe
Mable Seabrooke,Spain,765788,Female,District of Columbia,XcvhiZWtoO
Humphrey Birrel,Netherlands,765789,Male,California,KralpwU
Jules Adlard,Austria,765790,Male,California,YKDLArMOYBKv
Tamra Erlam,Colombia,765791,Male,Nebraska,VnqkcmVpxmvvmuEZWav
Stacee Ivy,China,765792,Female,New York,ctmQoUqgIDGPvY
Rhianna Onthank,France,765793,Male,Tennessee,gNIMRqIMWAOqL
Rem Chick,Italy,765794,Female,Kentucky,RLQaaoD
Yoshi Ilyunin,Poland,765795,Female,Illinois,EgMPITH
Maiga Aseef,United States,765796,Female,Colorado,LywCo
Barbey MacTavish,Italy,765797,Male,Oklahoma,lkrfutdBuPKjSXMSC
Maiga Aseef,India,765798,Male,Ohio,daLgahZPDfdPDL
Vanda Lynett,Austria,765799,Male,Washington,KIGjcjsQADeIHOsvMzf
Clarke Wallach,United States,765800,Female,Ohio,eGzSpYx
Noll Brastead,Austria,765801,Female,Pennsylvania,rKTogbNape
Arlie Brien,Norway,765802,Male,Kansas,rULIkxsm
Piotr Stilgoe,Nigeria,765803,Female,Mississippi,LjzsbBl
Chrissy Tuite,Mexico,765804,Female,New York,rspHqsGerZ
Charline Quarrington,Australia,765805,Male,Texas,baLXrbKyqKweqtYBDkF
Brynne Gatesman,Mexico,765806,Female,Washington,PzxIRvS
Bob Cammoile,Sweden,765807,Male,New Hampshire,YNuuDCesGQRatykYL
Elicia Giorio,Netherlands,765808,Female,South Carolina,ZHLDaTNcaE
Muhammad Grief,France,765809,Male,Missouri,LbOqwAncshz
Siward Ribeiro,Italy,765810,Male,New York,MdWGTqTnqPJsjchPV
Lory Von Welden,South Africa,765811,Male,New York,aWPFWich
Terrye Nand,France,765812,Male,Massachusetts,pQEapjiQqgQud
Turner Damant,United Kingdom,765813,Female,Texas,LIfpWuRlZwdRUIKRA
Deeyn Trahmel,Poland,765814,Male,Arizona,ZbrIWvtbH
Alasdair Bentson,Poland,765815,Male,New York,zwASEFHjaiCmk
Panchito Raymen,Mexico,765816,Female,Arizona,TGykPE
Norris Skillitt,Nigeria,765817,Male,California,COjPUDokRIJVv
Onofredo Downey,Nigeria,765818,Male,Florida,xzTdhXyIy
Harmon Pizer,Peru,765819,Female,Connecticut,jxeUpLnlpGNReQeyswQ
Filbert Jolliman,Nigeria,765820,Male,Oklahoma,MAWdVRweT
Maureen Losbie,Australia,765821,Female,New York,YlMYeu
Matilda Venton,Austria,765822,Female,Texas,hAoSihfseTADmwEfBF
Rem Chick,Chile,765823,Female,Ohio,vmTddMUSJI
Lyda De Mitri,New Zealand,765824,Female,Kansas,QgQIfKNXQUo
Michele Hoodspeth,China,765825,Male,Wisconsin,NAUZrOR
Luci Rance,France,765826,Female,Tennessee,QulxRmOHgAlrGKqOc
Jameson Antrim,New Zealand,765827,Male,Arkansas,SfBhPICfyC
Stanton Carlisso,Netherlands,765828,Female,Connecticut,TCIRSm
Iver Wenban,Nigeria,765829,Female,Florida,OFMiUR
Stanton Carlisso,Vietnam,765830,Male,Georgia,qqKAyIxQOofIU
Earl Bodicam,India,765831,Female,Minnesota,DaVfBBjVUvEB
Yoshi Ilyunin,Poland,765832,Male,New York,LGxeuFxGdHfVc
Masha Vigurs,South Korea,765833,Female,Texas,ldAYuftf
Myrwyn Gulleford,South Africa,765834,Female,Texas,DPVpVPSLrURNQltLKjc
Theodore Erley,Nigeria,765835,Male,Texas,djqwksaXOVo
Felicia Clitherow,Vietnam,765836,Female,New York,JVYuwXIrFyv
Derry Degoix,Poland,765837,Female,District of Columbia,ZBxGzauVkO
Gwenny Kabos,Ukraine,765838,Male,California,GSmshojiKFGodiyGpz
Theresina Kasting,United States,765839,Male,Ohio,MMkGHGb
Morry Leads,Poland,765840,Female,Florida,CgLaApHpeKYgTGy
Ron Eakeley,Poland,765841,Male,Nevada,BjUJWM
Cassie Spaldin,Chile,765842,Male,Illinois,yZSHzyS
Koo Cutford,Norway,765843,Male,Pennsylvania,aRVtcNBgp
Patton Blackeby,Spain,765844,Female,Massachusetts,QxYCKqt
Carmelita Hinzer,Chile,765845,Female,California,VGjZBeHUzKhsbX
Onofredo Downey,New Zealand,765846,Female,Georgia,SUhlMvZZFZpuc
Elise McHenry,India,765847,Female,South Dakota,VgAOmlCO
Ruy Peperell,Costa Rica,765848,Male,Florida,GbbDlSa
Dinnie Prover,Canada,765849,Female,Ohio,XIiozQhjeHpsh
Thekla Mackelworth,China,765850,Female,South Dakota,XzkTqdBjpqZOyuDSR
Ricky Curwood,Netherlands,765851,Male,Illinois,EsDtkIGotOzoELkWXPZ
Bob Cammoile,South Africa,765852,Male,Texas,XjmgKklpuPXqqc
Pier Pim,Turkey,765853,Female,Virginia,zwBPEyXVfcrRJiUQiUj
Leona Ferentz,Sweden,765854,Male,Florida,UWoKGJ
Artur Koeppe,Colombia,765855,Male,Kentucky,mEadaGfjwXgu
Noll Brastead,Australia,765856,Female,South Carolina,KgjoCz
Elisha Floris,Netherlands,765857,Male,Michigan,PVjzNhqaiXjoyGSKZN
Torrence Smithen,Poland,765858,Male,Colorado,WxMSKKSvMZgw
Patton Blackeby,Turkey,765859,Female,Massachusetts,tLZVi
Cassie Spaldin,France,765860,Female,Florida,biAYEGDaFjey
Stinky Rosel,South Korea,765861,Male,Arizona,UEWrPJm
Doralyn Stracey,Poland,765862,Female,Colorado,EfigNpmzYQvXcZZaXQ
Giordano Hutcheons,Colombia,765863,Female,Minnesota,GmEGAJyKpjjOkx
Tamra Erlam,Ukraine,765864,Male,Georgia,phWRKmeAhDAKt
Malina Bentham,Philippines,765865,Male,New Hampshire,MhSXhVYwVCxKmh
Vivianne Quartermaine,Sweden,765866,Male,Georgia,OBIzRCKxiwnf
Myrwyn Gulleford,Ukraine,765867,Female,Texas,JUMwa
Loretta Philbrook,Nigeria,765868,Female,Illinois,scOjatevTKcASN
Clarke Wallach,Italy,765869,Male,Florida,qdXODibGhGrsoOlE
Kati Comoletti,France,765870,Male,California,sDDWzvBYvcK
Mable Seabrooke,Ukraine,765871,Female,Florida,JUriLlCxXVjfpMDv
Johannes Kershaw,Peru,765872,Male,Pennsylvania,ofBbociovJeSbvB
Loretta Philbrook,Colombia,765873,Female,New York,GeBVRLaAvKw
Malinde Macbane,Indonesia,765874,Female,Pennsylvania,XRddvqzjiazsNd
Yance Nutton,Philippines,765875,Male,New York,BmtrQZQthnlfJhTexC
Andrei Sultan,Ireland,765876,Male,California,jhiqbnNBqeRxA
Donielle Caistor,South Africa,765877,Female,Nevada,LNyuCGAGVkh
